{
	"textures": {
		"0": "kello:item/decal/melloflora_lantern_blue"
	},
	"elements": [
		{
			"from": [
				7.292797648315231,
				12.080616256578626,
				7.607109804619572
			],
			"to": [
				8.157156078152171,
				12.080616256578626,
				8.392890195380428
			],
			"rotation": {
				"angle": 22.5,
				"axis": "z",
				"origin": [
					8,
					12.080616256578626,
					8
				]
			},
			"faces": {
				"up": {
					"uv": [
						8,
						5.5,
						3.5,
						0
					],
					"rotation": 90,
					"texture": "#0",
					"tintindex": 0
				},
				"down": {
					"uv": [
						8,
						0,
						3.5,
						5.5
					],
					"rotation": 270,
					"texture": "#0",
					"tintindex": 0
				}
			}
		},
		{
			"from": [
				1.4605298516724812,
				-11.919383743421374,
				7.607109804619572
			],
			"to": [
				1.4605298516724812,
				-11.05502531358443,
				8.392890195380428
			],
			"rotation": {
				"angle": 22.5,
				"axis": "z",
				"origin": [
					7.684900093930485,
					3.8147776643541818,
					8
				]
			},
			"faces": {
				"east": {
					"uv": [
						11.5,
						16,
						16,
						10.5
					],
					"texture": "#0",
					"tintindex": 0
				},
				"west": {
					"uv": [
						11.5,
						10.5,
						16,
						16
					],
					"rotation": 180,
					"texture": "#0",
					"tintindex": 0
				}
			}
		},
		{
			"from": [
				7.607109804619571,
				-7.670210004648737,
				19.21754662372642
			],
			"to": [
				8.392890195380426,
				-7.278501433916071,
				19.21754662372642
			],
			"rotation": {
				"angle": 45,
				"axis": "x",
				"origin": [
					8,
					3.862042650264609,
					7.684900093930485
				]
			},
			"faces": {
				"north": {
					"uv": [
						11.5125,
						13.5,
						16,
						15.98625
					],
					"rotation": 180,
					"texture": "#0",
					"tintindex": 0
				},
				"south": {
					"uv": [
						11.5125,
						13.5,
						16,
						15.98625
					],
					"rotation": 180,
					"texture": "#0",
					"tintindex": 0
				}
			}
		},
		{
			"from": [
				7.607109804619574,
				-7.670210004648737,
				-3.217546623726422
			],
			"to": [
				8.392890195380428,
				-7.278501433916071,
				-3.217546623726422
			],
			"rotation": {
				"angle": -45,
				"axis": "x",
				"origin": [
					8,
					3.862042650264609,
					8.315099906069516
				]
			},
			"faces": {
				"north": {
					"uv": [
						16,
						13.5,
						11.5125,
						15.98625
					],
					"rotation": 180,
					"texture": "#0",
					"tintindex": 0
				},
				"south": {
					"uv": [
						16,
						13.5,
						11.5125,
						15.98625
					],
					"rotation": 180,
					"texture": "#0",
					"tintindex": 0
				}
			}
		},
		{
			"from": [
				7.607109804619572,
				-11.919383743421374,
				14.539470148327519
			],
			"to": [
				8.392890195380428,
				-11.05502531358443,
				14.539470148327519
			],
			"rotation": {
				"angle": 22.5,
				"axis": "x",
				"origin": [
					8,
					3.8147776643541818,
					8.315099906069516
				]
			},
			"faces": {
				"north": {
					"uv": [
						11.5,
						16,
						16,
						10.5
					],
					"texture": "#0",
					"tintindex": 0
				},
				"south": {
					"uv": [
						11.5,
						10.5,
						16,
						16
					],
					"rotation": 180,
					"texture": "#0",
					"tintindex": 0
				}
			}
		},
		{
			"from": [
				7.607109804619572,
				-11.919383743421374,
				1.4605298516724812
			],
			"to": [
				8.392890195380428,
				-11.05502531358443,
				1.4605298516724812
			],
			"rotation": {
				"angle": -22.5,
				"axis": "x",
				"origin": [
					8,
					3.8147776643541818,
					7.684900093930485
				]
			},
			"faces": {
				"north": {
					"uv": [
						16,
						10.5,
						11.5,
						16
					],
					"rotation": 180,
					"texture": "#0",
					"tintindex": 0
				},
				"south": {
					"uv": [
						16,
						16,
						11.5,
						10.5
					],
					"texture": "#0",
					"tintindex": 0
				}
			}
		},
		{
			"from": [
				14.067214164105831,
				-10.897081485667087,
				7.528334828102193
			],
			"to": [
				15.089122546977531,
				-10.897081485667087,
				8.471665171897806
			],
			"rotation": {
				"angle": -22.5,
				"axis": "z",
				"origin": [
					8,
					4.129877570423698,
					8
				]
			},
			"faces": {
				"up": {
					"uv": [
						12.5,
						0,
						8,
						5.5
					],
					"rotation": 90,
					"texture": "#0",
					"tintindex": 0
				},
				"down": {
					"uv": [
						12.5,
						5.5,
						8,
						0
					],
					"rotation": 270,
					"texture": "#0",
					"tintindex": 0
				}
			}
		},
		{
			"from": [
				0.9108774530224686,
				-10.897081485667087,
				7.528334828102194
			],
			"to": [
				1.932785835894168,
				-10.897081485667087,
				8.471665171897806
			],
			"rotation": {
				"angle": 22.5,
				"axis": "z",
				"origin": [
					8,
					4.129877570423698,
					8
				]
			},
			"faces": {
				"up": {
					"uv": [
						12.5,
						5.5,
						8,
						0
					],
					"rotation": 90,
					"texture": "#0",
					"tintindex": 0
				},
				"down": {
					"uv": [
						12.5,
						0,
						8,
						5.5
					],
					"rotation": 270,
					"texture": "#0",
					"tintindex": 0
				}
			}
		},
		{
			"from": [
				7.528334828102194,
				-10.897081485667087,
				14.067214164105831
			],
			"to": [
				8.471665171897806,
				-10.897081485667087,
				15.089122546977531
			],
			"rotation": {
				"angle": 22.5,
				"axis": "x",
				"origin": [
					8,
					4.129877570423698,
					8
				]
			},
			"faces": {
				"up": {
					"uv": [
						12.5,
						5.5,
						8,
						0
					],
					"texture": "#0",
					"tintindex": 0
				},
				"down": {
					"uv": [
						12.5,
						0,
						8,
						5.5
					],
					"texture": "#0",
					"tintindex": 0
				}
			}
		},
		{
			"from": [
				7.528334828102193,
				-10.897081485667087,
				0.9108774530224686
			],
			"to": [
				8.471665171897806,
				-10.897081485667087,
				1.932785835894168
			],
			"rotation": {
				"angle": -22.5,
				"axis": "x",
				"origin": [
					8,
					4.129877570423698,
					8
				]
			},
			"faces": {
				"up": {
					"uv": [
						12.5,
						0,
						8,
						5.5
					],
					"texture": "#0",
					"tintindex": 0
				},
				"down": {
					"uv": [
						12.5,
						5.5,
						8,
						0
					],
					"texture": "#0",
					"tintindex": 0
				}
			}
		},
		{
			"from": [
				14.539470148327519,
				-11.919383743421374,
				7.607109804619572
			],
			"to": [
				14.539470148327519,
				-11.05502531358443,
				8.392890195380428
			],
			"rotation": {
				"angle": -22.5,
				"axis": "z",
				"origin": [
					8.315099906069516,
					3.8147776643541818,
					8
				]
			},
			"faces": {
				"east": {
					"uv": [
						16,
						10.5,
						11.5,
						16
					],
					"rotation": 180,
					"texture": "#0",
					"tintindex": 0
				},
				"west": {
					"uv": [
						16,
						16,
						11.5,
						10.5
					],
					"texture": "#0",
					"tintindex": 0
				}
			}
		},
		{
			"from": [
				7.607109804619572,
				12.080616256578626,
				7.292797648315231
			],
			"to": [
				8.392890195380428,
				12.080616256578626,
				8.157156078152171
			],
			"rotation": {
				"angle": -22.5,
				"axis": "x",
				"origin": [
					8,
					12.080616256578626,
					8
				]
			},
			"faces": {
				"up": {
					"uv": [
						8,
						0,
						3.5,
						5.5
					],
					"texture": "#0",
					"tintindex": 0
				},
				"down": {
					"uv": [
						8,
						5.5,
						3.5,
						0
					],
					"texture": "#0",
					"tintindex": 0
				}
			}
		},
		{
			"from": [
				7.607109804619572,
				12.080616256578626,
				7.842843921847829
			],
			"to": [
				8.392890195380428,
				12.080616256578626,
				8.707202351684769
			],
			"rotation": {
				"angle": 22.5,
				"axis": "x",
				"origin": [
					8,
					12.080616256578626,
					8
				]
			},
			"faces": {
				"up": {
					"uv": [
						8,
						5.5,
						3.5,
						0
					],
					"texture": "#0",
					"tintindex": 0
				},
				"down": {
					"uv": [
						8,
						0,
						3.5,
						5.5
					],
					"texture": "#0",