{
	"textures": {
		"0": "kello:item/decal/melloflora_large_petal"
	},
	"elements": [
		{
			"from": [
				0.6434221710197026,
				7.877390369516995,
				8
			],
			"to": [
				15.356577828980297,
				7.877390369516995,
				20.874011200715522
			],
			"rotation": {
				"angle": 0,
				"axis": "y",
				"origin": [
					8,
					7.877390369516995,
					8
				]
			},
			"faces": {
				"up": {
					"uv": [
						8.75,
						0,
						4.5,
						3.9375
					],
					"texture": "#0",
					"tintindex": 0
				},
				"down": {
					"uv": [
						8.75,
						3.9375,
						4.5,
						0
					],
					"texture": "#0",
					"tintindex": 0
				}
			}
		},
		{
			"from": [
				0.6434221710197026,
				16.98122651092677,
				24.643422171019704
			],
			"to": [
				15.356577828980297,
				16.98122651092677,
				32
			],
			"rotation": {
				"angle": 45,
				"axis": "x",
				"origin": [
					8,
					16.98122651092677,
					11.769410970304184
				]
			},
			"faces": {
				"up": {
					"uv": [
						8.75,
						4,
						4.5,
						6.25
					],
					"texture": "#0",
					"tintindex": 0
				},
				"down": {
					"uv": [
						8.75,
						6.25,
						4.5,
						4
					],
					"texture": "#0",
					"tintindex": 0
				}
			}
		}
	],
	"display": {
		"head": {
			"rotation": [
				0,
				180,
				0
			]
		}
	}
}