{
	"textures": {
		"0": "kello:item/decal/melloflora_large_petal"
	},
	"elements": [
		{
			"from": [
				0.645328051233995,
				8,
				8
			],
			"to": [
				15.354671948766004,
				8,
				20.87067591034051
			],
			"faces": {
				"up": {
					"uv": [
						4.25,
						0,
						0,
						4
					],
					"texture": "#0",
					"tintindex": 0
				},
				"down": {
					"uv": [
						4.25,
						4,
						0,
						0
					],
					"texture": "#0",
					"tintindex": 0
				}
			}
		},
		{
			"from": [
				8.898904349293623,
				4.666959787650132,
				7.993782282168918
			],
			"to": [
				8.898904349293623,
				12.838817508501249,
				26.789055040126488
			],
			"rotation": {
				"angle": -22.5,
				"axis": "x",
				"origin": [
					8,
					8.81718577208511,
					8
				]
			},
			"faces": {
				"east": {
					"uv": [
						16,
						5.75,
						13.5,
						0
					],
					"rotation": 90,
					"texture": "#0",
					"tintindex": 0
				},
				"west": {
					"uv": [
						13.5,
						5.75,
						16,
						0
					],
					"rotation": 270,
					"texture": "#0",
					"tintindex": 0
				}
			}
		},
		{
			"from": [
				0.645328051233995,
				17.10147759623029,
				24.63911033340291
			],
			"to": [
				15.354671948766004,
				17.10147759623029,
				31.993782282168915
			],
			"rotation": {
				"angle": 45,
				"axis": "x",
				"origin": [
					8,
					17.10147759623029,
					11.768434423062404
				]
			},
			"faces": {
				"up": {
					"uv": [
						4.25,
						4,
						0,
						6.25
					],
					"texture": "#0",
					"tintindex": 0
				},
				"down": {
					"uv": [
						4.25,
						6.25,
						0,
						4
					],
					"texture": "#0",
					"tintindex": 0
				}
			}
		}
	],
	"display": {
		"head": {
			"rotation": [
				0,
				180,
				0
			]
		}
	}
}