{
	"textures": {
		"0": "kello:item/decal/melloflora_large_petal"
	},
	"elements": [
		{
			"from": [
				0.6434221710197026,
				7.877390369516995,
				8
			],
			"to": [
				15.356577828980297,
				7.877390369516995,
				20.874011200715522
			],
			"rotation": {
				"angle": 0,
				"axis": "y",
				"origin": [
					8,
					7.877390369516995,
					8
				]
			},
			"faces": {
				"up": {
					"uv": [
						8.75,
						0,
						4.5,
						3.9375
					],
					"texture": "#0",
					"tintindex": 0
				},
				"down": {
					"uv": [
						8.75,
						3.9375,
						4.5,
						0
					],
					"texture": "#0",
					"tintindex": 0
				}
			}
		},
		{
			"from": [
				2.832969551941762,
				9.056397468436906,
				9.307836058485385
			],
			"to": [
				11.006944917475426,
				27.856540809164333,
				9.307836058485385
			],
			"rotation": {
				"angle": -45,
				"axis": "z",
				"origin": [
					8,
					9.062616797519377,
					8
				]
			},
			"faces": {
				"north": {
					"uv": [
						13.5,
						0,
						16,
						5.75
					],
					"texture": "#0",
					"tintindex": 0
				},
				"south": {
					"uv": [
						16,
						0,
						13.5,
						5.75
					],
					"texture": "#0",
					"tintindex": 0
				}
			}
		},
		{
			"from": [
				8,
				4.8295755752139,
				9.056397468436906
			],
			"to": [
				8,
				13.003550940747564,
				27.856540809164333
			],
			"rotation": {
				"angle": -45,
				"axis": "x",
				"origin": [
					8,
					9.062616797519377,
					8
				]
			},
			"faces": {
				"east": {
					"uv": [
						11,
						0,
						13.5,
						5.75
					],
					"rotation": 270,
					"texture": "#0",
					"tintindex": 0
				},
				"west": {
					"uv": [
						13.5,
						0,
						11,
						5.75
					],
					"rotation": 90,
					"texture": "#0",
					"tintindex": 0
				}
			}
		},
		{
			"from": [
				0.6434221710197026,
				16.98122651092677,
				24.643422171019704
			],
			"to": [
				15.356577828980297,
				16.98122651092677,
				32
			],
			"rotation": {
				"angle": 45,
				"axis": "x",
				"origin": [
					8,
					16.98122651092677,
					11.769410970304184
				]
			},
			"faces": {
				"up": {
					"uv": [
						8.75,
						4,
						4.5,
						6.25
					],
					"texture": "#0",
					"tintindex": 0
				},
				"down": {
					"uv": [
						8.75,
						6.25,
						4.5,
						4
					],
					"texture": "#0",
					"tintindex": 0
				}
			}
		}
	],
	"display": {
		"head": {
			"rotation": [
				0,
				180,
				0
			]
		}
	}
}