{
	"textures": {
		"0": "kello:item/decal/melloflora_large_petal"
	},
	"elements": [
		{
			"from": [
				0.6434221710197026,
				8,
				8
			],
			"to": [
				15.356577828980297,
				8,
				20.874011200715522
			],
			"faces": {
				"up": {
					"uv": [
						4.5,
						0,
						0,
						4
					],
					"texture": "#0",
					"tintindex": 0
				},
				"down": {
					"uv": [
						4.5,
						4,
						0,
						0
					],
					"texture": "#0",
					"tintindex": 0
				}
			}
		},
		{
			"from": [
				0.6434221710197026,
				17.103836141409776,
				24.643422171019704
			],
			"to": [
				15.356577828980297,
				17.103836141409776,
				32
			],
			"rotation": {
				"angle": 45,
				"axis": "x",
				"origin": [
					8,
					17.103836141409776,
					11.769410970304184
				]
			},
			"faces": {
				"up": {
					"uv": [
						4.5,
						4,
						0,
						6.25
					],
					"texture": "#0",
					"tintindex": 0
				},
				"down": {
					"uv": [
						4.5,
						6.25,
						0,
						4
					],
					"texture": "#0",
					"tintindex": 0
				}
			}
		}
	],
	"display": {
		"head": {
			"rotation": [
				0,
				180,
				0
			]
		}
	}
}