{
	"textures": {
		"0": "kello:item/decal/banner_0"
	},
	"elements": [
		{
			"from": [
				8,
				3.5035128805620612,
				6.313817330210773
			],
			"to": [
				8,
				25.985948477751755,
				15.30679156908665
			],
			"rotation": {
				"angle": 0,
				"axis": "y",
				"origin": [
					8,
					9.124121779859484,
					10.810304449648712
				]
			},
			"faces": {
				"north": {
					"uv": [
						0,
						0,
						0,
						5
					],
					"texture": "#0",
					"tintindex": 0
				},
				"east": {
					"uv": [
						0,
						0,
						2,
						5
					],
					"texture": "#0",
					"tintindex": 0
				},
				"south": {
					"uv": [
						0,
						0,
						0,
						5
					],
					"texture": "#0",
					"tintindex": 0
				},
				"west": {
					"uv": [
						2,
						0,
						0,
						5
					],
					"texture": "#0",
					"tintindex": 0
				},
				"up": {
					"uv": [
						0,
						2,
						0,
						0
					],
					"texture": "#0",
					"tintindex": 0
				},
				"down": {
					"uv": [
						0,
						0,
						0,
						2
					],
					"texture": "#0",
					"tintindex": 0
				}
			}
		},
		{
			"from": [
				6.032786885245901,
				16.992974238875878,
				6.370023419203747
			],
			"to": [
				9.967213114754099,
				20.365339578454332,
				6.370023419203747
			],
			"rotation": {
				"angle": -45,
				"axis": "x",
				"origin": [
					8,
					18.679156908665107,
					6.594847775175644
				]
			},
			"faces": {
				"north": {
					"uv": [
						8.375,
						0,
						9.25,
						0.75
					],
					"texture": "#0",
					"tintindex": 0
				},
				"south": {
					"uv": [
						9.25,
						0,
						8.375,
						0.75
					],
					"texture": "#0",
					"tintindex": 0
				},
				"up": {
					"uv": [
						0,
						2,
						0,
						0
					],
					"rotation": 270,
					"texture": "#0",
					"tintindex": 0
				},
				"down": {
					"uv": [
						0,
						0,
						0,
						2
					],
					"rotation": 90,
					"texture": "#0",
					"tintindex": 0
				}
			}
		},
		{
			"from": [
				6.032786885245901,
				24.131147540983605,
				13.56440281030445
			],
			"to": [
				9.967213114754099,
				27.50351288056206,
				13.56440281030445
			],
			"rotation": {
				"angle": -45,
				"axis": "x",
				"origin": [
					8,
					25.81733021077283,
					13.676814988290397
				]
			},
			"faces": {
				"north": {
					"uv": [
						8.375,
						0,
						9.25,
						0.75
					],
					"texture": "#0",
					"tintindex": 0
				},
				"south": {
					"uv": [
						9.25,
						0,
						8.375,
						0.75
					],
					"texture": "#0",
					"tintindex": 0
				},
				"up": {
					"uv": [
						0,
						2,
						0,
						0
					],
					"rotation": 270,
					"texture": "#0",
					"tintindex": 0
				},
				"down": {
					"uv": [
						0,
						0,
						0,
						2
					],
					"rotation": 90,
					"texture": "#0",
					"tintindex": 0
				}
			}
		},
		{
			"from": [
				7.437939110070258,
				14.182669789227166,
				0.1311475409836067
			],
			"to": [
				8.562060889929743,
				15.30679156908665,
				19.80327868852459
			],
			"rotation": {
				"angle": -45,
				"axis": "x",
				"origin": [
					8,
					14.744730679156909,
					3.5035128805620612
				]
			},
			"faces": {
				"north": {
					"uv": [
						4.5,
						0.5,
						4.75,
						0.75
					],
					"texture": "#0"
				},
				"east": {
					"uv": [
						4,
						0,
						8.375,
						0.25
					],
					"texture": "#0"
				},
				"south": {
					"uv": [
						4.5,
						0.75,
						4.75,
						1
					],
					"texture": "#0"
				},
				"west": {
					"uv": [
						8.375,
						0.25,
						4,
						0
					],
					"texture": "#0"
				},
				"up": {
					"uv": [
						8.375,
						0.25,
						4,
						0
					],
					"rotation": 90,
					"texture": "#0"
				},
				"down": {
					"uv": [
						4,
						0,
						8.375,
						0.25
					],
					"rotation": 90,
					"texture": "#0"
				}
			}
		}
	],
	"display": {
		"head": {
			"rotation": [
				0,
				180,
				0
			]
		}
	}
}