{
	"textures": {
		"0": "kello:item/decal/comet_0",
		"1": "kello:item/decal/comet_1",
		"3": "kello:item/decal/comet_2",
		"4": "kello:item/decal/comet_3"
	},
	"elements": [
		{
			"from": [
				3.0184928148912,
				14.871550530513634,
				8.37827264389809
			],
			"to": [
				10.695828517819002,
				22.548886233441436,
				16.055608346825892
			],
			"rotation": {
				"angle": 45,
				"axis": "x",
				"origin": [
					8.834385168467389,
					16.529304209445915,
					12.086293392373909
				]
			},
			"faces": {
				"north": {
					"uv": [
						2,
						0,
						4,
						2
					],
					"texture": "#1",
					"tintindex": 0
				},
				"east": {
					"uv": [
						2,
						2,
						4,
						4
					],
					"texture": "#1",
					"tintindex": 0
				},
				"south": {
					"uv": [
						2,
						2,
						4,
						4
					],
					"rotation": 90,
					"texture": "#1",
					"tintindex": 0
				},
				"west": {
					"uv": [
						2,
						0,
						4,
						2
					],
					"rotation": 90,
					"texture": "#1",
					"tintindex": 0
				},
				"up": {
					"uv": [
						0,
						0,
						2,
						2
					],
					"texture": "#1",
					"tintindex": 0
				},
				"down": {
					"uv": [
						0,
						2,
						2,
						4
					],
					"texture": "#1",
					"tintindex": 0
				}
			}
		},
		{
			"from": [
				7.98615971043974,
				2.4282966111542548,
				-4.791091819636323
			],
			"to": [
				19.218104295601602,
				13.660241196316118,
				6.4408527655255385
			],
			"rotation": {
				"angle": 45,
				"axis": "x",
				"origin": [
					15.57935446198422,
					4.996518231309308,
					-0.17259904364025402
				]
			},
			"faces": {
				"north": {
					"uv": [
						0,
						0,
						2,
						2
					],
					"texture": "#1",
					"tintindex": 0
				},
				"east": {
					"uv": [
						0,
						2,
						2,
						4
					],
					"texture": "#1",
					"tintindex": 0
				},
				"south": {
					"uv": [
						0,
						0,
						2,
						2
					],
					"rotation": 90,
					"texture": "#1",
					"tintindex": 0
				},
				"west": {
					"uv": [
						2,
						2,
						4,
						4
					],
					"rotation": 90,
					"texture": "#1",
					"tintindex": 0
				},
				"up": {
					"uv": [
						2,
						0,
						4,
						2
					],
					"texture": "#1",
					"tintindex": 0
				},
				"down": {
					"uv": [
						0,
						2,
						2,
						4
					],
					"texture": "#1",
					"tintindex": 0
				}
			}
		},
		{
			"from": [
				18.027986500128478,
				22.785911918691767,
				0.28099223538470586
			],
			"to": [
				21.34606005280964,
				26.103985471372937,
				3.5990657880658734
			],
			"rotation": {
				"angle": 45,
				"axis": "y",
				"origin": [
					18.54390607459561,
					15.262625544412401,
					10.043148739335694
				]
			},
			"faces": {
				"north": {
					"uv": [
						4,
						1,
						5,
						2
					],
					"rotation": 270,
					"texture": "#1",
					"tintindex": 0
				},
				"east": {
					"uv": [
						5,
						0,
						6,
						1
					],
					"rotation": 90,
					"texture": "#1",
					"tintindex": 0
				},
				"south": {
					"uv": [
						4,
						1,
						5,
						2
					],
					"rotation": 270,
					"texture": "#1",
					"tintindex": 0
				},
				"west": {
					"uv": [
						4,
						0,
						5,
						1
					],
					"rotation": 270,
					"texture": "#1",
					"tintindex": 0
				},
				"up": {
					"uv": [
						5,
						0,
						6,
						1
					],
					"texture": "#1",
					"tintindex": 0
				},
				"down": {
					"uv": [
						4,
						0,
						5,
						1
					],
					"rotation": 180,
					"texture": "#1",
					"tintindex": 0
				}
			}
		},
		{
			"from": [
				8.725783258367022,
				11.797603233681672,
				3.5019832623223808
			],
			"to": [
				13.951340474091998,
				17.02316044940664,
				8.727540478047347
			],
			"rotation": {
				"angle": 45,
				"axis": "x",
				"origin": [
					8.834385168467389,
					16.529304209445915,
					12.086293392373909
				]
			},
			"faces": {
				"north": {
					"uv": [
						0,
						0,
						2,
						2
					],
					"texture": "#0",
					"tintindex": 0
				},
				"east": {
					"uv": [
						2,
						2,
						4,
						4
					],
					"texture": "#0",
					"tintindex": 0
				},
				"south": {
					"uv": [
						0,
						0,
						2,
						2
					],
					"rotation": 90,
					"texture": "#0",
					"tintindex": 0
				},
				"west": {
					"uv": [
						0,
						2,
						2,
						4
					],
					"rotation": 90,
					"texture": "#0",
					"tintindex": 0
				},
				"up": {
					"uv": [
						0,
						0,
						2,
						2
					],
					"texture": "#0",
					"tintindex": 0
				},
				"down": {
					"uv": [
						2,
						0,
						4,
						2
					],
					"texture": "#0",
					"tintindex": 0
				}
			}
		},
		{
			"from": [
				14.283069518006629,
				13.127683198300282,
				11.176489090469076
			],
			"to": [
				17.805457944621374,
				16.650071624915007,
				14.69887751708383
			],
			"rotation": {
				"angle": -45,
				"axis": "y",
				"origin": [
					18.54390607459561,
					15.262625544412401,
					10.043148739335694
				]
			},
			"faces": {
				"north": {
					"uv": [
						4,
						1,
						5,
						2
					],
					"rotation": 180,
					"texture": "#0",
					"tintindex": 0
				},
				"east": {
					"uv": [
						4,
						1,
						5,
						2
					],
					"rotation": 270,
					"texture": "#0",
					"tintindex": 0
				},
				"south": {
					"uv": [
						5,
						0,
						6,
						1
					],
					"rotation": 270,
					"texture": "#0",
					"tintindex": 0
				},
				"west": {
					"uv": [
						5,
						0,
						6,
						1
					],
					"rotation": 90,
					"texture": "#0",
					"tintindex": 0
				},
				"up": {
					"uv": [
						4,
						0,
						5,
						1
					],
					"rotation": 270,
					"texture": "#0",
					"tintindex": 0
				},
				"down": {
					"uv": [
						4,
						0,
						5,
						1
					],
					"rotation": 270,
					"texture": "#0",
					"tintindex": 0
				}
			}
		},
		{
			"from": [
				10.52361153805531,
				8.888956058415694,
				15.992992064649275
			],
			"to": [
				13.739527653769679,
				12.104872174130069,
				19.208908180363675
			],
			"rotation": {
				"angle": 45,
				"axis": "y",
				"origin": [
					-2.5439060745956112,
					15.262625544412401,
					10.043148739335694
				]
			},
			"faces": {
				"north": {
					"uv": [
						5,
						1,
						4,
						2
					],
					"rotation": 180,
					"texture": "#0",
					"tintindex": 0
				},
				"east": {
					"uv": [
						5,
						1,
						6,
						0
					],
					"rotation": 90,
					"texture": "#0",
					"tintindex": 0
				},
				"south": {
					"uv": [
						4,
						1,
						5,
						0
					],
					"rotation": 270,
					"texture": "#0",
					"tintindex": 0
				},
				"west": {
					"uv": [
						4,
						2,
						5,
						1
					],
					"rotation": 270,
					"texture": "#0",
					"tintindex": 0
				},
				"up": {
					"uv": [
						5,
						1,
						6,
						0
					],
					"rotation": 270,
					"texture": "#0",
					"tintindex": 0
				},
				"down": {
					"uv": [
						4,
						1,
						5,
						0
					],
					"rotation": 270,
					"texture": "#0",
					"tintindex": 0
				}
			}
		},
		{
			"from": [
				8.723004734083126,
				18.468776653523882,
				13.356455371933574
			],
			"to": [
				10.406559295295716,
				20.152331214736478,
				15.040009933146198
			],
			"rotation": {
				"angle": 45,
				"axis": "x",
				"origin": [
					11.475690799024125,
					19.72988927244201,
					8
				]
			},
			"faces": {
				"north": {
					"uv": [
						5,
						1,
						4,
						2
					],
					"rotation": 180,
					"texture": "#0",
					"tintindex": 0
				},
				"east": {
					"uv": [
						5,
						1,
						6,
						0
					],
					"rotation": 90,
					"texture": "#0",
					"tintindex": 0
				},
				"south": {
					"uv": [
						4,
						1,
						5,
						0
					],
					"rotation": 270,
					"texture": "#0",
					"tintindex": 0
				},
				"west": {
					"uv": [
						4,
						2,
						5,
						1
					],
					"rotation": 270,
					"texture": "#0",
					"tintindex": 0
				},