{
	"textures": {
		"0": "animated_java:item/attach_vfx/2"
	},
	"elements": [
		{
			"from": [
				5.849289565217392,
				9.628971304347825,
				7.802884347826087
			],
			"to": [
				10.544941739130435,
				19.802884347826087,
				7.802884347826087
			],
			"rotation": {
				"angle": -45,
				"axis": "x",
				"origin": [
					8.197115652173913,
					9.628971304347825,
					7.802884347826087
				]
			},
			"faces": {
				"north": {
					"uv": [
						0,
						0,
						16,
						16
					],
					"rotation": 180,
					"texture": "#0",
					"tintindex": 0
				},
				"south": {
					"uv": [
						0,
						16,
						16,
						0
					],
					"texture": "#0",
					"tintindex": 0
				}
			}
		},
		{
			"from": [
				-3.8028843478260868,
				5.455058260869565,
				7.802884347826087
			],
			"to": [
				6.371028695652174,
				10.150710434782608,
				7.802884347826087
			],
			"rotation": {
				"angle": -45,
				"axis": "y",
				"origin": [
					6.371028695652174,
					7.802884347826087,
					7.802884347826087
				]
			},
			"faces": {
				"north": {
					"uv": [
						0,
						0,
						16,
						16
					],
					"rotation": 270,
					"texture": "#0",
					"tintindex": 0
				},
				"south": {
					"uv": [
						0,
						16,
						16,
						0
					],
					"rotation": 270,
					"texture": "#0",
					"tintindex": 0
				}
			}
		},
		{
			"from": [
				10.023202608695652,
				5.455058260869565,
				7.802884347826087
			],
			"to": [
				20.197115652173913,
				10.150710434782608,
				7.802884347826087
			],
			"rotation": {
				"angle": 45,
				"axis": "y",
				"origin": [
					10.023202608695652,
					7.802884347826087,
					7.802884347826087
				]
			},
			"faces": {
				"north": {
					"uv": [
						0,
						16,
						16,
						0
					],
					"rotation": 270,
					"texture": "#0",
					"tintindex": 0
				},
				"south": {
					"uv": [
						0,
						0,
						16,
						16
					],
					"rotation": 270,
					"texture": "#0",
					"tintindex": 0
				}
			}
		},
		{
			"from": [
				5.849289565217392,
				-4.1971156521739115,
				7.802884347826087
			],
			"to": [
				10.544941739130435,
				5.976797391304348,
				7.802884347826087
			],
			"rotation": {
				"angle": 45,
				"axis": "x",
				"origin": [
					8.197115652173913,
					5.976797391304348,
					7.802884347826087
				]
			},
			"faces": {
				"north": {
					"uv": [
						0,
						16,
						16,
						0
					],
					"rotation": 180,
					"texture": "#0",
					"tintindex": 0
				},
				"south": {
					"uv": [
						0,
						0,
						16,
						16
					],
					"texture": "#0",
					"tintindex": 0
				}
			}
		},
		{
			"from": [
				6.110159130434782,
				5.715927826086956,
				-10.457985217391304
			],
			"to": [
				10.284072173913044,
				9.889840869565218,
				7.020275652173913
			],
			"rotation": {
				"angle": 0,
				"axis": "y",
				"origin": [
					8.197115652173913,
					7.802884347826087,
					7.020275652173913
				]
			},
			"faces": {
				"east": {
					"uv": [
						0,
						16,
						16,
						0
					],
					"rotation": 90,
					"texture": "#0",
					"tintindex": 0
				},
				"west": {
					"uv": [
						0,
						16,
						16,
						0
					],
					"rotation": 270,
					"texture": "#0",
					"tintindex": 0
				},
				"up": {
					"uv": [
						0,
						16,
						16,
						0
					],
					"texture": "#0",
					"tintindex": 0
				},
				"down": {
					"uv": [
						0,
						16,
						16,
						0
					],
					"rotation": 180,
					"texture": "#0",
					"tintindex": 0
				}
			}
		},
		{
			"from": [
				10.284072173913044,
				9.889840869565218,
				7.020275652173913
			],
			"to": [
				6.110159130434782,
				5.715927826086956,
				-10.457985217391304
			],
			"rotation": {
				"angle": 0,
				"axis": "y",
				"origin": [
					8.197115652173913,
					7.802884347826087,
					7.020275652173913
				]
			},
			"faces": {
				"east": {
					"uv": [
						16,
						16,
						0,
						0
					],
					"rotation": 270,
					"texture": "#0"
				},
				"west": {
					"uv": [
						16,
						16,
						0,
						0
					],
					"rotation": 90,
					"texture": "#0"
				},
				"up": {
					"uv": [
						16,
						16,
						0,
						0
					],
					"rotation": 180,
					"texture": "#0"
				},
				"down": {
					"uv": [
						16,
						16,
						0,
						0
					],
					"texture": "#0"
				}
			}
		}
	],
	"display": {
		"head": {
			"rotation": [
				0,
				180,
				0
			]
		}
	}
}