{
	"textures": {
		"1": "kello:item/decal/small_decwheel_1",
		"2": "kello:item/decal/small_decwheel_3"
	},
	"elements": [
		{
			"from": [
				6,
				0.5,
				6
			],
			"to": [
				10,
				16.5,
				10
			],
			"rotation": {
				"angle": 0,
				"axis": "y",
				"origin": [
					7,
					8,
					7
				]
			},
			"faces": {
				"north": {
					"uv": [
						2,
						0,
						2.5,
						2
					],
					"texture": "#1"
				},
				"east": {
					"uv": [
						2,
						2,
						2.5,
						4
					],
					"texture": "#1"
				},
				"south": {
					"uv": [
						0,
						2.25,
						0.5,
						4.25
					],
					"texture": "#1"
				},
				"west": {
					"uv": [
						0.5,
						2.25,
						1,
						4.25
					],
					"texture": "#1"
				},
				"up": {
					"uv": [
						3.875,
						2.625,
						3.375,
						2.125
					],
					"texture": "#1"
				},
				"down": {
					"uv": [
						4,
						2.625,
						3.5,
						3.125
					],
					"texture": "#1"
				}
			}
		},
		{
			"from": [
				10.38268343236509,
				12.5,
				5.923879532511286
			],
			"to": [
				10.38268343236509,
				14.5,
				7.923879532511286
			],
			"rotation": {
				"angle": -22.5,
				"axis": "y",
				"origin": [
					10,
					7.5,
					7
				]
			},
			"faces": {
				"east": {
					"uv": [
						2,
						3.5,
						2.25,
						3.75
					],
					"rotation": 270,
					"texture": "#2"
				},
				"west": {
					"uv": [
						2.25,
						3.75,
						2,
						3.5
					],
					"rotation": 270,
					"texture": "#2"
				}
			}
		},
		{
			"from": [
				6,
				12.5,
				5
			],
			"to": [
				6,
				14.5,
				7
			],
			"rotation": {
				"angle": 22.5,
				"axis": "y",
				"origin": [
					6,
					7.5,
					7
				]
			},
			"faces": {
				"east": {
					"uv": [
						2.25,
						3.5,
						2,
						3.75
					],
					"rotation": 270,
					"texture": "#2"
				},
				"west": {
					"uv": [
						2.25,
						3.75,
						2,
						3.5
					],
					"rotation": 270,
					"texture": "#2"
				}
			}
		},
		{
			"from": [
				6.229610059419054,
				5.5,
				4.445672280493228
			],
			"to": [
				6.229610059419054,
				7.500000000000001,
				6.445672280493229
			],
			"rotation": {
				"angle": 22.5,
				"axis": "y",
				"origin": [
					6,
					7.5,
					7
				]
			},
			"faces": {
				"east": {
					"uv": [
						2.25,
						3.5,
						2,
						3.75
					],
					"rotation": 270,
					"texture": "#2"
				},
				"west": {
					"uv": [
						2.25,
						3.75,
						2,
						3.5
					],
					"rotation": 270,
					"texture": "#2"
				}
			}
		},
		{
			"from": [
				6.44868600478737,
				11.299999999999999,
				11.616139654046894
			],
			"to": [
				8.448686004787369,
				13.300000000000002,
				11.616139654046894
			],
			"rotation": {
				"angle": -22.5,
				"axis": "y",
				"origin": [
					10.38268343236509,
					13.5,
					10.07612046748871
				]
			},
			"faces": {
				"north": {
					"uv": [
						2.25,
						3.75,
						2,
						3.5
					],
					"rotation": 270,
					"texture": "#2"
				},
				"south": {
					"uv": [
						2,
						3.5,
						2.25,
						3.75
					],
					"rotation": 270,
					"texture": "#2"
				}
			}
		},
		{
			"from": [
				4.69686413359816,
				4.200000000000001,
				9.802095318941078
			],
			"to": [
				6.69686413359816,
				6.200000000000005,
				9.802095318941078
			],
			"rotation": {
				"angle": 22.5,
				"axis": "y",
				"origin": [
					7.08268343236509,
					3.3000000000000034,
					10.376120467488711
				]
			},
			"faces": {
				"north": {
					"uv": [
						2,
						3.5,
						2.25,
						3.75
					],
					"rotation": 270,
					"texture": "#2"
				},
				"south": {
					"uv": [
						2.25,
						3.75,
						2,
						3.5
					],
					"rotation": 270,
					"texture": "#2"
				}
			}
		},
		{
			"from": [
				9.035548695818973,
				7.3,
				10.544626043424643
			],
			"to": [
				11.035548695818973,
				9.300000000000002,
				10.544626043424643
			],
			"rotation": {
				"angle": -22.5,
				"axis": "y",
				"origin": [
					10.38268343236509,
					13.5,
					10.07612046748871
				]
			},
			"faces": {
				"north": {
					"uv": [
						2.25,
						3.75,
						2,
						3.5
					],
					"rotation": 270,
					"texture": "#2"
				},
				"south": {
					"uv": [
						2.25,
						3.5,
						2,
						3.75
					],
					"rotation": 270,
					"texture": "#2"
				}
			}
		},
		{
			"from": [
				6.575704248504407,
				3.6999999999999966,
				4.719409041772078
			],
			"to": [
				8.575704248504408,
				5.699999999999999,
				4.719409041772078
			],
			"rotation": {
				"angle": 22.5,
				"axis": "y",
				"origin": [
					9.88268343236509,
					7.699999999999996,
					4.376120467488713
				]
			},
			"faces": {
				"north": {
					"uv": [
						2,
						3.75,
						2.25,
						3.5
					],
					"rotation": 270,
					"texture": "#2"
				},
				"south": {
					"uv": [
						2,
						3.5,
						2.25,
						3.75
					],
					"rotation": 270,
					"texture": "#2"
				}
			}
		},
		{
			"from": [
				6.958803899853802,
				9.699999999999996,
				5.9588038998538035
			],
			"to": [
				8.958803899853805,
				11.7,
				5.9588038998538035
			],
			"rotation": {
				"angle": -22.5,
				"axis": "y",
				"origin": [
					8.88268343236509,
					13.699999999999996,
					5.576120467488714
				]
			},
			"faces": {
				"north": {
					"uv": [
						2,
						3.5,
						2.25,
						3.75
					],
					"rotation": 270,
					"texture": "#2"
				},
				"south": {
					"uv": [
						2,
						3.75,
						2.25,
						3.5
					],
					"rotation": 270,
					"texture": "#2"
				}
			}
		},
		{
			"from": [
				10,
				1.5,
				5
			],
			"to": [
				10,
				3.5,
				7
			],
			"rotation": {
				"angle": -22.5,
				"axis": "y",
				"origin": [
					10,
					7.5,
					7
				]
			},
			"faces": {
				"east": {
					"uv": [
						2,
						3.5,
						2.25,
						3.75
					],
					"rotation": 270,
					"texture": "#2"
				},
				"west": {
					"uv": [
						2,
						3.75,
						2.25,
						3.5
					],
					"rotation": 270,
					"texture": "#2"
				}
			}
		}
	],
	"display": {
		"head": {
			"rotation": [
				0,
				180,
				0
			]
		}
	}
}