{
	"textures": {
		"1": "kello:item/decal/falling_platform/chapter_1/xtra"
	},
	"elements": [
		{
			"from": [
				5.473684210526316,
				11,
				5.473684210526316
			],
			"to": [
				10.526315789473685,
				28.684210526315788,
				10.526315789473685
			],
			"rotation": {
				"angle": 0,
				"axis": "y",
				"origin": [
					8,
					13.842105263157894,
					8
				]
			},
			"faces": {
				"north": {
					"uv": [
						0,
						0,
						0.5,
						16
					],
					"texture": "#1",
					"tintindex": 0
				},
				"east": {
					"uv": [
						0,
						0,
						0.5,
						16
					],
					"texture": "#1",
					"tintindex": 0
				},
				"south": {
					"uv": [
						0,
						0,
						0.5,
						16
					],
					"texture": "#1",
					"tintindex": 0
				},
				"west": {
					"uv": [
						0,
						0,
						0.5,
						16
					],
					"texture": "#1",
					"tintindex": 0
				}
			}
		},
		{
			"from": [
				4.842105263157895,
				4.684210526315789,
				4.842105263157895
			],
			"to": [
				11.157894736842106,
				4.684210526315789,
				11.157894736842106
			],
			"rotation": {
				"angle": 0,
				"axis": "y",
				"origin": [
					4.842105263157895,
					4.684210526315789,
					8
				]
			},
			"faces": {
				"up": {
					"uv": [
						0.5,
						13.5,
						1,
						14
					],
					"texture": "#1",
					"tintindex": 0
				},
				"down": {
					"uv": [
						0.5,
						13.5,
						1,
						14
					],
					"texture": "#1",
					"tintindex": 0
				}
			}
		},
		{
			"from": [
				11.157894736842106,
				4.684210526315789,
				4.842105263157895
			],
			"to": [
				11.157894736842106,
				9.736842105263158,
				11.157894736842106
			],
			"rotation": {
				"angle": -45,
				"axis": "z",
				"origin": [
					11.157894736842106,
					4.684210526315789,
					8
				]
			},
			"faces": {
				"east": {
					"uv": [
						1,
						0,
						0.5,
						14
					],
					"texture": "#1",
					"tintindex": 0
				},
				"west": {
					"uv": [
						1,
						0,
						0.5,
						14
					],
					"texture": "#1",
					"tintindex": 0
				}
			}
		},
		{
			"from": [
				4.842105263157895,
				4.684210526315789,
				4.842105263157895
			],
			"to": [
				4.842105263157895,
				9.736842105263158,
				11.157894736842106
			],
			"rotation": {
				"angle": 45,
				"axis": "z",
				"origin": [
					4.842105263157895,
					4.684210526315789,
					8
				]
			},
			"faces": {
				"east": {
					"uv": [
						0.5,
						0,
						1,
						14
					],
					"texture": "#1",
					"tintindex": 0
				},
				"west": {
					"uv": [
						0.5,
						0,
						1,
						14
					],
					"texture": "#1",
					"tintindex": 0
				}
			}
		},
		{
			"from": [
				4.842105263157895,
				4.684210526315789,
				4.842105263157895
			],
			"to": [
				11.157894736842106,
				9.736842105263158,
				4.842105263157895
			],
			"rotation": {
				"angle": -45,
				"axis": "x",
				"origin": [
					8,
					4.684210526315789,
					4.842105263157895
				]
			},
			"faces": {
				"north": {
					"uv": [
						0.5,
						0,
						1,
						14
					],
					"texture": "#1",
					"tintindex": 0
				},
				"south": {
					"uv": [
						0.5,
						0,
						1,
						14
					],
					"texture": "#1",
					"tintindex": 0
				}
			}
		},
		{
			"from": [
				4.842105263157895,
				4.684210526315789,
				11.157894736842106
			],
			"to": [
				11.157894736842106,
				9.736842105263158,
				11.157894736842106
			],
			"rotation": {
				"angle": 45,
				"axis": "x",
				"origin": [
					8,
					4.684210526315789,
					11.157894736842106
				]
			},
			"faces": {
				"north": {
					"uv": [
						1,
						0,
						0.5,
						14
					],
					"texture": "#1",
					"tintindex": 0
				},
				"south": {
					"uv": [
						1,
						0,
						0.5,
						14
					],
					"texture": "#1",
					"tintindex": 0
				}
			}
		},
		{
			"from": [
				10.526315789473685,
				28.684210526315788,
				10.526315789473685
			],
			"to": [
				5.473684210526316,
				11,
				5.473684210526316
			],
			"rotation": {
				"angle": 0,
				"axis": "y",
				"origin": [
					8,
					13.842105263157894,
					8
				]
			},
			"faces": {
				"north": {
					"uv": [
						0,
						16,
						0.5,
						0
					],
					"texture": "#1",
					"tintindex": 0
				},
				"east": {
					"uv": [
						0,
						16,
						0.5,
						0
					],
					"texture": "#1",
					"tintindex": 0
				},
				"south": {
					"uv": [
						0,
						16,
						0.5,
						0
					],
					"texture": "#1",
					"tintindex": 0
				},
				"west": {
					"uv": [
						0,
						16,
						0.5,
						0
					],
					"texture": "#1",
					"tintindex": 0
				}
			}
		},
		{
			"from": [
				10.838947368421053,
				10.838947368421053,
				10.838947368421053
			],
			"to": [
				5.161052631578947,
				5.161052631578947,
				5.161052631578947
			],
			"rotation": {
				"angle": 0,
				"axis": "y",
				"origin": [
					8,
					8,
					8
				]
			},
			"faces": {
				"north": {
					"uv": [
						1,
						16,
						1.5,
						0
					],
					"texture": "#1",
					"tintindex": 0
				},
				"east": {
					"uv": [
						1,
						16,
						1.5,
						0
					],
					"texture": "#1",
					"tintindex": 0
				},
				"south": {
					"uv": [
						1,
						16,
						1.5,
						0
					],
					"texture": "#1",
					"tintindex": 0
				},
				"west": {
					"uv": [
						1,
						16,
						1.5,
						0
					],
					"texture": "#1",
					"tintindex": 0
				},
				"up": {
					"uv": [
						1,
						0,
						1.5,
						0.5
					],
					"texture": "#1"
				},
				"down": {
					"uv": [
						1,
						15.5,
						1.5,
						16
					],
					"texture": "#1"
				}
			}
		},
		{
			"from": [
				5.161052631578947,
				5.161052631578947,
				5.161052631578947
			],
			"to": [
				10.838947368421053,
				10.838947368421053,
				10.838947368421053
			],
			"rotation": {
				"angle": 0,
				"axis": "y",
				"origin": [
					8,
					8,
					8
				]
			},
			"faces": {
				"north": {
					"uv": [
						1,
						16,
						1.5,
						0
					],
					"rotation": 180,
					"texture": "#1"
				},
				"east": {
					"uv": [
						1,
						16,
						1.5,
						0
					],
					"rotation": 180,
					"texture": "#1"
				},
				"south": {
					"uv": [
						1,
						16,
						1.5,
						0
					],
					"rotation": 180,
					"texture": "#1"
				},
				"west": {
					"uv": [
						1,
						16,
						1.5,
						0
					],
					"rotation": 180,
					"texture": "#1"
				},
				"up": {
					"uv": [
						1,
						15.5,
						1.5,
						16
					],
					"rotation": 180,
					"texture": "#1"
				},
				"down": {
					"uv": [
						1,
						0,
						1.5,
						0.5
					],
					"rotation": 180,
					"texture": "#1"
				}
			}
		}
	],
	"display": {
		"head": {
			"rotation": [
				0,
				180,
				0
			]
		}
	}
}